{"reference": "U42", "proportionalOutlinePath": [[0.6066666666666667, 0.46416666666666667], [0.6033333333333334, 0.4658333333333333], [0.6016666666666667, 0.4658333333333333], [0.5991666666666666, 0.4666666666666667], [0.5966666666666667, 0.4683333333333333], [0.595, 0.4683333333333333], [0.5925, 0.47], [0.5908333333333333, 0.47], [0.5883333333333334, 0.4716666666666667], [0.5858333333333333, 0.4725], [0.5841666666666666, 0.4725], [0.5841666666666666, 0.4741666666666667], [0.5825, 0.47583333333333333], [0.5791666666666667, 0.4775], [0.5808333333333333, 0.4775], [0.5858333333333333, 0.4775], [0.5841666666666666, 0.4791666666666667], [0.5825, 0.48], [0.58, 0.48083333333333333], [0.5833333333333334, 0.48083333333333333], [0.585, 0.48], [0.5866666666666667, 0.4816666666666667], [0.5883333333333334, 0.4816666666666667], [0.5916666666666667, 0.48083333333333333], [0.5925, 0.48], [0.595, 0.48083333333333333], [0.5975, 0.48], [0.6, 0.4791666666666667], [0.6025, 0.4775], [0.605, 0.4766666666666667], [0.6075, 0.4766666666666667], [0.61, 0.47583333333333333], [0.6108333333333333, 0.47333333333333333], [0.6125, 0.4725], [0.6091666666666666, 0.4708333333333333], [0.6116666666666667, 0.4691666666666667], [0.6091666666666666, 0.4691666666666667], [0.6075, 0.4675], [0.6091666666666666, 0.4658333333333333], [0.6108333333333333, 0.4658333333333333]], "additionalOutlinePaths": [[[0.615, 0.4841666666666667], [0.6125, 0.485], [0.61, 0.48583333333333334], [0.6075, 0.4866666666666667], [0.605, 0.4875], [0.6025, 0.4891666666666667], [0.6008333333333333, 0.4891666666666667], [0.5983333333333334, 0.49], [0.5958333333333333, 0.49083333333333334], [0.5933333333333334, 0.49166666666666664], [0.5908333333333333, 0.4925], [0.5891666666666666, 0.49416666666666664], [0.5866666666666667, 0.495], [0.585, 0.49666666666666665], [0.5883333333333334, 0.495], [0.59, 0.495], [0.5925, 0.495], [0.595, 0.495], [0.5983333333333334, 0.49416666666666664], [0.6016666666666667, 0.49333333333333335], [0.605, 0.4925], [0.6083333333333333, 0.49166666666666664], [0.6116666666666667, 0.49083333333333334], [0.6141666666666666, 0.49], [0.615, 0.48833333333333334], [0.6166666666666667, 0.48833333333333334], [0.6166666666666667, 0.4866666666666667], [0.6133333333333333, 0.48583333333333334]], [[0.6008333333333333, 0.4533333333333333], [0.5975, 0.45416666666666666], [0.5941666666666666, 0.455], [0.5908333333333333, 0.4558333333333333], [0.5875, 0.45666666666666667], [0.5841666666666666, 0.4575], [0.5808333333333333, 0.4583333333333333], [0.5791666666666667, 0.46], [0.5775, 0.4608333333333333], [0.575, 0.46166666666666667], [0.5766666666666667, 0.4608333333333333], [0.58, 0.4608333333333333], [0.5825, 0.46], [0.5833333333333334, 0.45916666666666667], [0.5875, 0.4583333333333333], [0.5891666666666666, 0.46], [0.5908333333333333, 0.45916666666666667], [0.5933333333333334, 0.4583333333333333], [0.5958333333333333, 0.45666666666666667], [0.5983333333333334, 0.4558333333333333], [0.6008333333333333, 0.455], [0.6033333333333334, 0.455], [0.6066666666666667, 0.4533333333333333], [0.6033333333333334, 0.4533333333333333]]], "componentId": "texas-instruments-cdce906pwr"}