{"reference": "J19", "proportionalOutlinePath": [[0.5891666666666666, 0.22916666666666666], [0.5883333333333334, 0.23083333333333333], [0.5883333333333334, 0.2375], [0.5866666666666667, 0.23833333333333334], [0.5858333333333333, 0.24], [0.585, 0.24583333333333332], [0.5841666666666666, 0.2525], [0.5875, 0.2525], [0.5891666666666666, 0.25416666666666665], [0.5891666666666666, 0.2625], [0.5883333333333334, 0.2758333333333333], [0.5875, 0.27666666666666667], [0.5875, 0.28], [0.5916666666666667, 0.2775], [0.5933333333333334, 0.2791666666666667], [0.595, 0.2816666666666667], [0.5958333333333333, 0.2816666666666667], [0.5966666666666667, 0.285], [0.5958333333333333, 0.29], [0.5975, 0.29083333333333333], [0.5983333333333334, 0.28833333333333333], [0.5991666666666666, 0.28583333333333333], [0.6, 0.2841666666666667], [0.6016666666666667, 0.2825], [0.6058333333333333, 0.2791666666666667], [0.6066666666666667, 0.2758333333333333], [0.6075, 0.2725], [0.6083333333333333, 0.26916666666666667], [0.6091666666666666, 0.2658333333333333], [0.61, 0.26166666666666666], [0.61, 0.25916666666666666], [0.6091666666666666, 0.2575], [0.6083333333333333, 0.255], [0.6066666666666667, 0.255], [0.605, 0.25333333333333335], [0.605, 0.24333333333333335], [0.6058333333333333, 0.23166666666666666], [0.6033333333333334, 0.23166666666666666], [0.6033333333333334, 0.23333333333333334], [0.6025, 0.24], [0.6008333333333333, 0.24166666666666667], [0.6, 0.24333333333333335], [0.6, 0.25083333333333335], [0.5991666666666666, 0.25416666666666665], [0.5966666666666667, 0.25666666666666665], [0.5941666666666666, 0.25333333333333335], [0.5916666666666667, 0.2525], [0.59, 0.25083333333333335], [0.5916666666666667, 0.23583333333333334], [0.5908333333333333, 0.22916666666666666]], "additionalOutlinePaths": [[[0.575, 0.22666666666666666], [0.5741666666666667, 0.22833333333333333], [0.5741666666666667, 0.23416666666666666], [0.5716666666666667, 0.23666666666666666], [0.5708333333333333, 0.23916666666666667], [0.5708333333333333, 0.25], [0.5683333333333334, 0.2525], [0.5675, 0.25416666666666665], [0.5666666666666667, 0.2575], [0.5658333333333333, 0.26], [0.565, 0.2625], [0.5641666666666667, 0.2658333333333333], [0.5633333333333334, 0.2725], [0.5641666666666667, 0.27416666666666667], [0.565, 0.2758333333333333], [0.5683333333333334, 0.27666666666666667], [0.5683333333333334, 0.2708333333333333], [0.5691666666666667, 0.2675], [0.5725, 0.265], [0.5725, 0.25666666666666665], [0.5733333333333334, 0.25333333333333335], [0.5758333333333333, 0.25083333333333335], [0.58, 0.25166666666666665], [0.5791666666666667, 0.25], [0.5775, 0.25], [0.5766666666666667, 0.24666666666666667], [0.5775, 0.23166666666666666], [0.5775, 0.22833333333333333]]], "componentId": "molex-15910060"}